,Gene_ID,baseMean,log2FoldChange,lfcSE,stat,pvalue,padj,description
23,LOC724560,980.2154989,-1.394764231,0.358812752,-3.887164611,0.000101422,0.036874691,fatty acyl-CoA reductase 1
22,LOC724436,93.37912214,-3.105996875,0.622252911,-4.9915345,5.99E-07,0.000943748,phospholipase A2-like
20,LOC724275,20.81942072,-4.011860829,1.014871782,-3.95307161,7.72E-05,0.030389163,"uncharacterized LOC724275, transcript variant X5"
